﻿Designator,Footprint,Quantity,Value,LCSC Part #
"C1, C2, C5, C6",0603,4,100n,
"C10, C7, C8",CP_Elec_6.3x5.4,3,100uF,
"C3, C4",0402,2,8p,
C9,CP_Elec_4x5.4,1,10uF,
"D1, D2",Diodes_UDFN-10_1.0x2.5mm_P0.5mm,2,D3V3XA4B10LP,
D3,0603,1,LED,
F1,1206,1,F1A,
J1,USB_C_Receptacle_G-Switch_GT-USB-7010ASV,1,USB_C_Receptacle_USB2.0_16P,
J2,USB_A_CONNFLY_DS1095-WNR0,1,USB_A,
L1,1008,1,2.2u,
"R1, R2",0603,2,5.1K,
R3,0603,1,10K,
U1,SSOP-20_5.3x7.2mm_P0.65mm,1,ADUM3166BRSZ,
U2,VR_S_5W,1,VRB0505S-5WR3,
Y1,Crystal_SMD_2520-4Pin_2.5x2.0mm,1,24MHz,
